name,email,phone,website_url,address,city,state,zip_code,country,description,years_in_business,linkedin_url,instagram_url,twitter_url,facebook_url,logo_url,is_published,is_featured
"1Vision Sports & Entertainment","contact@1visionsportsentertainment.com","","https://www.1vse.com","","New York","NY","","USA","","","","","https://twitter.com/1VisionSE","","","true","false"
"2112 Hockey Agency","dwolski@2112hockeyagency.com","+1 204-573-8080","https://2112hockeyagency.com/","647 King Edward St","Winnipeg","MB","R3H 0P2","CA","","","https://www.linkedin.com/in/darryl-wolski","https://www.instagram.com/2112hockey","https://twitter.com/2112hockey","https://www.facebook.com/2112hockeyagency","","true","false"
"369 Sports & Entertainment","contact@369sportsentertainment.com","","https://www.369ent.com","","Unknown","XX","77057","USA","","","","https://www.instagram.com/369.ent/","","","","true","false"
"3G Sports","spencer@3gsportsltd.com","","https://3gsportsltd.com","","Unknown","XX","L5N 6G8","Canada","","","","https://www.instagram.com/3gsportsltd","","","","true","false"
"3V Sports Management","info@3vsportsmanagement.com","","https://www.3vsportsmgt.com","","Unknown","XX","","US","","","","https://www.instagram.com/3vsportsmanagement","","","","true","false"
"4D Hockey Training","info@4dhockey.com","(248) 346-4506","http://4dhockey.com/","30475 Stephenson Hwy","Madison Heights","MI","48071","US","","","","https://instagram.com/4dhockey","https://twitter.com/4dhockey","https://facebook.com/4dhockey","","true","false"
"83, LLC","contact@83llc.com","","http://www.83llc.com","","Seattle","WA","","USA","","","https://www.linkedin.com/company/83-llc/","https://www.instagram.com/83llc_hockey/","https://x.com/83llc_hockey","https://www.facebook.com/83llchockey/","","true","false"
"85 Sports Management","info@85sportsmgmt.com","(614) 547-2390","https://www.85sportsmgmt.com/","33 S Grant Ave","Columbus","OH","43215","US","","","https://www.linkedin.com/company/85-sports-management","https://www.instagram.com/85sports","https://x.com/85sportsmgmt","","","true","false"
"93 Hockey Services","93hockeyservicesinc@gmail.com","","https://www.facebook.com/93HockeyServices","","Unknown","XX","","US","","","","https://www.instagram.com/93hkyservices/?hl=en","https://x.com/93hkyservices?fbclid=IwY2xjawNGKhFleHRuA2FlbQIxMABicmlkETFYcURJWXJjZUtEZ2F6b2VJAR4O-CAvFD2atumSpjWrpPS5hrmIj6FnORDI-ra8kVQLWvIEc0qPmlFMulO4Kg_aem_0Be8yn3pYQ6BrBa2kVLF1A","https://www.facebook.com/93HockeyServices","","true","false"
"98 Hockey Management","themonarchadvisorygrouup@gmail.com","807-407-8768","http://www.98hockeymanagement.com/","","Unknown","XX","","US","","","https://www.linkedin.com/in/kyle-chagnon-415a50213/?originalSubdomain=ca","https://www.instagram.com/monarchadvisorygroup/","","https://www.facebook.com/themonarchadvisorygroup/","","true","false"
"A1 Hockey Advancements","contact@a1hockeyadvancements.com","519-520-8279","https://www.a1hockeyadvancements.com","","London","ON","","Canada","","","","https://www.instagram.com/a1hockeyadvancements/","https://x.com/A1Advancements","","","true","false"
"A7A Hockey","contact@a7ahockeyadvisor.com","917-442-2931","https://a7ahockeyadvisor.com/","","New York","NY","","USA","","","","","","","","true","false"
"Advancement Hockey Advising","contact@advancementhockeyadvising.com","","https://ahadvising.com","","Unknown","XX","","Canada","","","https://www.linkedin.com/in/braedenpearl/","https://www.instagram.com/ahadvising/","https://x.com/ahadvising","https://www.facebook.com/ahadvising/","","true","false"
"Advocate Athlete","advocateathlete@gmail.com","(215) 667-7263","http://www.advocateathlete.com/","812 Fordham St","Delran","NJ","8075","US","","","","","","","","true","false"
"Alpha Hockey Inc","ray@alphahockey.c","+1 204-371-9146","http://www.alphahockey.ca/","300 52 HWY W","Steinbach","MB","R5G 2S9","CA","","","","","","","","true","false"
"AMG Sport","cb@americanmediagroups.com","(813) 492-7060","https://amgsport.com/","1419 E 4th Ave","Tampa","FL","33605","US","","","","","","","","true","false"
"Apogee Hockey Consulting","contact@apogeehockeyconsulting.com","","https://apogeehockey.com/","","Unknown","XX","","US","","","","","","","","true","false"
"Apollo Athletics","bayne@apollo-athletics.com","(909) 596-5777","https://www.apollo-athletics.com/","","Unknown","XX","","USA","","","","","","","","true","false"
"APX Advisors","contact@apxadvisors.com","(310) 644-5400","https://www.apx-hockey.com/advisors","","Unknown","XX","","USA","","","","","","","","true","false"
"Ascension Management Agency","contact@ascensionmanagementagency.com","","https://www.ascension-hockey.com/","","QC","QC","","Canada","","1994","","","","","","true","false"
"ATA Sports Management","marty@atasportsmanagement.com","416-708-0691","https://www.atasportsmanagement.com/","4000 Chesswood Dr.","North York","ON","M3J 2B9","Canada","","","","","","","","true","false"
"Atlas Management Group","contact@atlasmanagementgroup.com","(858) 483-8600","https://atlasmgtgroup.com/","2413 Elm Valley Dr.","Little Elm","TX","75068","USA","","","","","","","","true","false"
"Avenue Sports Management","info@avenuesportsmgmt.com","866-828-3683","https://avenuesportsmgmt.com/","","Unknown","XX","","Canada","","","","","","","","true","false"
"Bartlett Hockey","contact@bartletthockey.com","585-383-1967","https://bartletthockey.com/","65-C Monroe Ave.","Pittsford","NY","14534","USA","","","","","","","","true","false"
"Berkshire Agency","contact@berkshireagency.com","","http://www.berkshireagency.com","","Toronto","ON","","Canada","","","","https://www.instagram.com/berkshireagency","","","","true","false"
"Bishop Sports","dave@bishsports.ca","905-407-7945","https://www.bishopsports.ca/","","Burlington","ON","L7N 2R4","Canada","","","","https://www.instagram.com/bishopsportsclub/","","","","true","false"
"Black Aces Sports Management","chris@blackacessportsmanagement.com","807-707-7177","https://www.instagram.com/blackacessportsmanagement/","","Unknown","XX","","US","","","","https://www.instagram.com/blackacessportsmanagement/","","","","true","false"
"Blase Management Firm","paul@blasemanagement.com","612-242-7610","https://paul70631.wixsite.com/website","","Unknown","XX","","USA","","2019","","","","","","true","false"
"Bloom Hockey Advisory","rick@bloomhockeyadvisory.com","(613) 282-7516","https://bloomhockeyadvisory.com/","","Unknown","XX","","US","","","","https://www.instagram.com/bloomhockey/","","https://www.facebook.com/people/Bloom-Hockey-Advisory/61566826920760/","","true","false"
"Blue Dragon Hockey","bluedragonhockey@gmail.com","518-538-4389","https://www.bluedragonhockey.com/","","NY","NY","","USA","","","","","","","","true","false"
"Boston Management Group","contact@bostonmanagementgroup.com","(617) 634-0376","http://bmghockey.com/","986 Saratoga St","Boston","MA","2128","USA","","","","https://www.instagram.com/_thebmg","https://twitter.com/_theBMG","","","true","false"
"Bowman Hockey","contact@bowmanhockey.com","","https://www.bowmanhockeymn.com/","","Bloomington","MN","","USA","","","","https://www.instagram.com/bowmanhockey/","https://twitter.com/bowman_hockey","","","true","false"
"Breakout Hockey Advisory","contact@breakouthockeyadvisory.com","","https://www.breakouthockeyadvisory.com/","","Stillwater","MN","","USA","","","","","","","","true","false"
"Breton Management Group","contact@bretonmanagementgroup.com","+1 416-559-7678","http://www.bretonmanagement.com/contact.html","21 Callander Dr","Guelph","ON","N1E 4H3","CA","","","","https://www.instagram.com/bmghockey/","https://twitter.com/bmghockey","","","true","false"
"Buckley Sports Management","info@buckleysports.com","(401) 886-6006","http://buckleysports.com/","45 Country Ln","Warwick","RI","2886","US","","","","","https://twitter.com/BuckleySports","","","true","false"
"C20 Hockey","contact@c20hockey.com","","https://www.facebook.com/Creative-Artists-Agency-153306451349620/","","Los Angeles","CA","","USA","","","","https://www.instagram.com/elefalk/","https://twitter.com/caa_sports","https://www.facebook.com/Creative-Artists-Agency-153306451349620/","","true","false"
"CAL Sports Management","mcalvert@calsportsmgmt.com","","https://calsportsmanagement.com/","","Winnipeg","MB","","Canada","","","","https://www.instagram.com/calsportsmgmt/","https://twitter.com/calsportsmgmt","","","true","false"
"Capstone Hockey Services","capstonehockeyservicesinfo@gmail.com","612-978-0519","https://www.capstonehockeyservices.com/","","Unknown","XX","55356","USA","","","","","","","","true","false"
"Center Ice Advisory","contact@centericeadvisory.com","","https://centericeadvisory.com","","NJ","NJ","","USA","","","","","","","","true","false"
"Center Ice Player Management","contact@centericeplayermanagement.com","(716) 912-4465","centericepm.com","","Unknown","XX","","USA","","","","https://www.instagram.com/centericepm/?hl=en","","https://www.facebook.com/CenterIcePM","","true","false"
"Chinook Hockey Management","contact@chinookhockeymanagement.com","","https://www.facebook.com/groups/412768407001165/?ref=share_group_link","","Lacombe","AB","","Canada","","","","https://www.instagram.com/invites/contact/?i=x75ajneyuuz9&utm_content=n4rkjyd","https://twitter.com/MinorHero?t=Gg1DoU5jKUJ-W0mTD9LXKg&s=09","https://www.facebook.com/groups/412768407001165/?ref=share_group_link","","true","false"
"CKM Sports Management","contact@ckmsports.com","","https://ckmsports.com/","","Unknown","XX","","US","","","","","","","","true","false"
"Clarion Sports Management","contact@clarionsportsmanagement.com","","https://clarionsportsmgmt.com/","","Muskoka","ON","","Canada","","","","https://www.instagram.com/clarionsportsmanagement/","","","","true","false"
"College Hockey Family Advisor","dwolski@chfahockey.com","+1 204-573-8080","https://www.collegehockeyfamilyadvisor.com/","593 Marion St","Winnipeg","MB","R2J 0X8","CA","","","","","","","","true","false"
"Cook Stark Management","contact@cookstarkmanagement.com","","https://www.cookstarkmgmt.com/","","Denver","CO","","USA","","","","https://www.instagram.com/cookstarkmgmt/","https://x.com/cookstarkmgmt","","","true","false"
"Cooney Management Company","contact@cooneymanagementcompany.com","(413) 348-6872","http://www.cooneymanagement.com/contact","220 Boylston St","Boston","MA","2116","US","","","","","","https://www.facebook.com/Cooney-Management-Company-168303700241173/","","true","false"
"Cornerstone Hockey Advising","contact@cornerstonehockeyadvising.com","705-341-8626","https://www.cornerstonehockey.ca/","","ON","ON","","Canada","","","","","","","","true","false"
"Cosentino Sports Management","Info@cosentinosports.ca","+1 613-862-3283","https://cosentinosports.ca/","6 Dexter Dr","Nepean","ON","K2A 1L1","CA","","","","https://www.instagram.com/cosentinosports/","https://twitter.com/cosentinosports/","","","true","false"
"CUTTING EDGE MANAGEMENT","chad@cemhockey.com","+1 514-260-6904","http://cemhockey.com/","100 Bd Alexis-Nihon Suite 270","Montreal","QC","H4M 2N7","CA","","","","https://www.instagram.com/cem_hockey/","https://x.com/cemhockey","https://www.facebook.com/cemhockey/","","true","false"
"DB Hockey Advancement","contact@dbhockeyadvancement.com","","https://dbhockeyadvancement.com/","","Montreal","QC","","Canada","","","","https://www.instagram.com/db_hockeyadvancement","","https://www.facebook.com/people/DB-Hockey-Advancement/61557634025631/","","true","false"
"Delta Athletic Group","recruiting@deltaathleticgroup.com","","https://deltaathleticgroup.com/","","Unknown","XX","","US","","","","https://www.instagram.com/deltaathleticgroup","","","","true","false"
"Distinction Hockey Management","mlacharite.distinctionhockey@gmail.com","8197440052","http://distinctionhockeymanagement.com/","","QC","QC","","Canada","","","","https://www.instagram.com/distinctionhockey/","","https://www.facebook.com/profile.php?id=100088639684165","","true","false"
"DNA Sports Management","info@dnasportsmanagement.com","(813) 777-0007","http://dnasportsmanagement.com/","24814 FL-54","Lutz","FL","33559","US","","","","https://www.instagram.com/dnasportsmanagement/","https://twitter.com/dnasportsmgmt?lang=en","https://www.facebook.com/dnasportsmanagement","","true","false"
"Driven Sports Group","manager@drivensportsgroup.com","","http://drivensportsgroup.com/","980 Fraser Dr suite 202","Burlington","ON","L7L 5P5","CA","","","","https://www.instagram.com/drivensportsgroup/","https://twitter.com/DrivenSG?lang=en","","","true","false"
"Dynamic Athlete Agency","contact@dynamicathleteagency.com","+1 604-401-9891","","6 Renaissance Square #203","New Westminster","BC","V3M 6N8","CA","","2017","","https://www.instagram.com/westcoasthockeyagent/","https://twitter.com/JHaddad98","","","true","false"
"Dynasty Hockey Group","contact@dynastyhockeygroup.com","(587) 586-6641","https://www.dynastyhockeygroup.com/","1250 Reunion Rd NW","Airdrie","AB","T4B 0Z7","Canada","","","","https://www.instagram.com/dynastyhockeygroup/","https://twitter.com/Dynasty__Hockey","https://www.facebook.com/pages/category/Company/Dynasty-Hockey-Group-646043785755798/","","true","false"
"East Coast Elite Hockey","eastcoastelitehockey@gmail.com","","https://www.eastcoastelitehockey.com/","","Unknown","XX","","US","","2020","","https://www.instagram.com/eastcoastelitehockey/?fbclid=IwAR2YSftEVQRlstxMyHMtaWHRlsLb4cuWVzIZYJ-7Kt2qYggCvu27npOJM1Q","","https://www.facebook.com/profile.php?id=100072560102696","","true","false"
"Eclipse Sports Management","contact@eclipsesportsmanagement.com","212-490-9366","https://www.facebook.com/p/Eclipse-Sports-Management-100069487413025/","331 Madison Ave 3rd Floor","New York","NY","","USA","","","","","https://twitter.com/Edgesportsmngmt","https://www.facebook.com/p/Eclipse-Sports-Management-100069487413025/","","true","false"
"Edge Sports Management","george@edgesportsmanagement.com","(914) 764-1763","http://edgesportsmanagement.com/","26 Autumn Ridge Rd #1","Pound Ridge","NY","10576","US","","","","","","","","true","false"
"Elite Hockey Advising","elitehockeyadvising@gmail.com","716-421-9900","https://elitehockeyadvisin.wixsite.com/elitehockeyadvising?fbclid=PAZXh0bgNhZW0CMTEAAaeaoxHeawQedbcO6ytrRbAztG-4oHvqVZEFAhCg2bQ2riudepzrklHJvkowQA_aem_BrxabYBqy26aBTMRaDfbew","","Buffalo","NY","","USA","","2024","","https://www.instagram.com/elitehockeyadvising/","","","","true","false"
"Endeavour Sports Group","mikep@endeavoursportsgroup.com","224-612-2431","https://endeavoursportsgroup.com/","P.O. Box 1153","Stittsville","ON","K2S 1B2","Canada","","","","https://www.instagram.com/endeavoursg/","https://twitter.com/EndeavourSG","https://www.facebook.com/ESGOttawa","","true","false"
"Evolution Sports Management","phil@evolutionsm.ca","902-233-7445","https://evolutionsm.ca/","","Halifax","NS","","Canada","","","","","https://www.twitter.com/EvSportsMgmt","","","true","false"
"FCA Hockey","fcahockey@fca.org","203-470-6094","https://www.fcahockey.org/","308 Crowell Lane","Lynchburg","VA","24502","USA","","","","","","","","true","false"
"First Contact Hockey Advising","fchadvising@gmail.com","","https://fchadvising.com","","MI","MI","","USA","","","","","","","","true","false"
"Friesen Hockey","consult@friesenhockey.com","306-768-8479","https://www.friesenhockey.com/services","","Unknown","XX","","Canada","","","","","","","","true","false"
"Frontline Hockey","HockeyFrontline@gmail.com","905) 650-9069","https://www.frontlinehockey.com/","","ON","ON","","Canada","","","","https://www.instagram.com/ferlattehockey/","","","","true","false"
"FT Sports Management","contact@ftsportsmanagement.com","","https://futuretalentsm.com/","","Unknown","XX","","US","","","","","","","","true","false"
"G6 Sports Management","mike@g6sports.ca","403-512-5482","https://g6sports.ca/","","Blackie","AB","","Canada","","","","","https://x.com/MikeMMGlawson","","","true","false"
"GDA Hockey","info@gdahockey.com","","http://www.gdahockey.com/","7777 Bonhomme Ave Suite 1800","Clayton","MO","63105","USA","","","","","","","","true","false"
"GE Sports","gesportsgroup.bknight@outlook.com","(314) 797-7530","https://gesportsgrp.com/home","","Unknown","XX","","USA","","","","https://www.instagram.com/gdahockey/","https://twitter.com/gdahockey","https://www.facebook.com/pages/category/Sports-Promoter/GDA-Hockey-194666477233532/","","true","false"
"Gladiator Hockey Agency","kris@gladiatorhockeyagency.com","","https://www.gladiatorhockeyagency.com/","506 Princess St","Woodstock","ON","N4S 4G9","CA","","","","","https://twitter.com/GladiatorHA","https://www.facebook.com/gladiatorhockeyagency/?ref=settings","","true","false"
"Global Hockey Advisors","kevin@globalhockeyadvisors.com","(414) 526-2172","https://globalhockeyadvisors.com/","","Unknown","XX","","USA","","","","","","","","true","false"
"Global Hockey Consultants","info@globalhockey.net","978-655-7117","http://globalhockey.net/","","Unknown","XX","","USA","","","","","https://twitter.com/GlobalHockey1","https://www.facebook.com/GlobalHockey/","","true","false"
"Global Hockey Talent","contact@globalhockeytalent.com","(613) 222-7798","https://globalhockeytalent.wordpress.com/about/","","ON","ON","","Canada","","","","","","","","true","false"
"Green Mountain","john@greenmountainexposurehockey.com","603-359-4206","https://greenmountainexposurehockey.com/","","NH","NH","","USA","","","","https://www.instagram.com/greenmountainexposurehockey/","https://twitter.com/greenmountainEH","https://www.facebook.com/greenmountainexposurehockey","","true","false"
"Groupe Smart Hockey","info@groupesmarthockey.com","514-604-1580","https://en.groupesmarthockey.com/nos-services","","QC","QC","","Canada","","","","","","","","true","false"
"Gryphon Sports Management","info@gryphonsports.com","(647) 923-5148","https://www.gryphonsports.com/","","ON","ON","","Canada","","","linkedin.com/company/gryphon-sports-management/","https://www.instagram.com/gryphonsportsmanagement/","https://x.com/gryphonsports_","https://www.facebook.com/gryphonsports","","true","false"
"Guardian Group","admin@guardiangrouphockey.com","","https://guardiangrouphockey.com/","","Unknown","XX","","Canada","","","","https://www.instagram.com/theguardiangroup_/","","","","true","false"
"Hawkeye Hockey Services","info@hawkeyehockeyservices.com","","https://www.hawkeyehockeyservices.com/","1021 Sunrise Drive","Woodbury","MN","55125","USA","","","","","","","","true","false"
"HC Advisory","contact@hcadvisory.com","","https://huroncountyhockey.square.site/advising-services","","Unknown","XX","","Canada","","","","https://www.instagram.com/hc.advisory/","","","","true","false"
"HC Sports Management","info@hcsportsmanagement.com","","https://hcsportsmanagement.com/","","Pembroke","NH","3275","USA","","","","","","","","true","false"
"High End Hockey","contact@highendhockey.com","978-364-1987","www.highendhockeyadvising.com","","Unknown","XX","","US","","","","","","","","true","false"
"Higher Hockey Management","info@higherhockey.com","","http://www.higherhockey.com/","","Unknown","XX","","US","","2012","","","https://twitter.com/HigherHockey","","","true","false"
"Hockey Horizons","info@hockeyhorizons.com","(818) 800-9700","http://www.hockeyhorizons.com/","4314 147th Pl SE","Bothell","WA","98012","US","","","","https://www.instagram.com/hockeyhorizons/","https://twitter.com/HockeyHorizons","https://www.facebook.com/hockeyhorizons","","true","false"
"Hockey Talent Management","contact@hockeytalentmanagement.com","(705) 905-2062","https://hockeytalentmanagement.com/","57 Simcoe St S","Oshawa","ON","L1H 4G4","Canada","","","","","","","","true","false"
"HPA Sports Management","hpasportsmanagement@gmail.com","260-433-3769","Http://www.hpasportsmanagement.com","","Fort Wayne","IN","","USA","","","","","","https://www.facebook.com/HPASportsManagement","","true","false"
"HPH Advising","greggatto22@gmail.com","432-214-7666","http://hphadvising.com/","","Odessa","TX","","USA","","","","https://www.instagram.com/advisinghph/","https://x.com/AdvisingHph","","","true","false"
"Ice Breakers Advisory","info@icebreakeradvisory.com","812-552-6949","https://icebreakersadvisory.com/hockey","","IN","IN","","USA","","","","https://www.instagram.com/icebreakersadvisory/","https://x.com/IBAHockey","","","true","false"
"Ice Exposure Consulting Inc.","consult@friesenhockey.com","306-768-8479","https://www.iceexposure.com/","","Unknown","XX","","Canada","","","","","https://twitter.com/IceExposure","","","true","false"
"Impact Hockey Consulting","impacthockeyconsulting@gmail.com","(203) 522-3413","http://impacthockeyconsulting.godaddysites.com/","200 Quarry Hills Dr #2315","Quincy","MA","2169","US","","","","https://www.instagram.com/impact_hockey_consulting","https://www.twitter.com/ImpactHockeyC","https://www.facebook.com/Impact-Hockey-Consulting-102921585621270","","true","false"
"Import Sports Management","Adrian@importsports.ca","+1 613-808-1738","http://www.importsports.ca/","1200 St. Laurent Blvd","Gloucester","ON","K1J 7K3","CA","","","","https://www.instagram.com/ism.sports","","https://www.facebook.com/704888146370877","","true","false"
"Innovative Hockey Consultants","info@innovativehockeyconsultants.com","(347) 527-1325","https://innovativehockeyconsultants.com/contact/","63-59 76th St","Middle Village","NY","11379","US","","","","","","","","true","false"
"Inside Edge Hockey","tony@iehockey.com","612-805-9625","https://iehockey.com/#what-we-do","","Unknown","XX","","Canada","","","","","","","","true","false"
"JDM Sports","justin@jdmsports.com","847-606-0017","https://jdmsports.com/home/","","Unknown","XX","","Canada","","","","","","","","true","false"
"JL Management","jesse@jlmsports.com","(954) 753-7966","https://jlmsports.com/","10191 W Sample Rd","Unknown","XX","","US","","","","","","","","true","false"
"Johnson Pro Hockey","Johnsonprohockey@gmail.com","716-698-3242","https://www.johnsonprohockey.com.app.crossbar.org/?fbclid=IwY2xjawNGI2BleHRuA2FlbQIxMABicmlkETFYcURJWXJjZUtEZ2F6b2VJAR7it2Zky6nDfct1fuqw7vU9f36SZHyR7EluTF_1-ov0FXYGaGdMtGhNKL2MLw_aem_XslKQj9DYIJY4ZfvOz-9Sg#","941 13th Ave SE","Minot","ND","58701","USA","","","","https://www.instagram.com/johnsonprohockey","","https://www.facebook.com/profile.php?id=61559242814511","","true","false"
"JRC Hockey Management","joneshockeydevelopment@gmail.com","315-566-5467","https://www.jrchockeymanagement.com/","","NY","NY","","USA","","","","","","","","true","false"
"KAAB Sports Marketing Inc","info@kaabmarketing.ca","403-671-1667","https://kaabmarketing.ca/","","Edmonton","AB","","Canada","","","","https://www.instagram.com/kaabmarketing","https://x.com/KaabMarketing1","","","true","false"
"KAM Sports","mathieucuradeau@kam-sports.com","(450) 961-9295","http://www.kam-sports.com/","","QC","QC","","Canada","","","","https://www.instagram.com/kam_sports_group/","https://twitter.com/GroupeKamSports","https://www.facebook.com/GroupeKAMSports","","true","false"
"KB Advising","contact@kbadvising.com","","https://www.kbadvising.ca/","","QC","QC","","Canada","","","","https://www.instagram.com/kb.advising?igsh=NXBpcDhodGtkb3Jk","","","","true","false"
"LAKONIC SPORTS","psullivan@lakonicsports.com","+1 250-317-2651","http://lakonicsports.com/","1215 St Paul St #102","Kelowna","BC","V1Y 2C7","CA","","","","https://www.instagram.com/PJLSullivan","https://twitter.com/PJLSullivan","","","true","false"
"LDC Talent","contact@ldctalent.com","","https://www.cookstarkmgmt.com/","","Calgary","AB","","Canada","","","","https://www.instagram.com/ldctalent/","https://twitter.com/ldctalent","https://www.facebook.com/LDCtalent","","true","false"
"Leading Edge Hockey","info@leadedgehockey.com","","https://www.leadedgehockey.com/","","Unknown","XX","","Canada","","","","https://www.instagram.com/leadedgehockey/","https://x.com/leadingedgehky","","","true","false"
"Link Management International","info@linkmgmt.co","(780) 416-9556","http://www.linkmgmt.co/","","Unknown","XX","","US","","","","https://www.instagram.com/linkmgmt/?hl=en","https://twitter.com/link_mgmt","","","true","false"
"Live Sports & Entertainment","info@lseagency.com","","https://lseagency.com/","3210 Rutherford Road Suite 313","Vaughan","ON","L4K 0B2","Canada","","","","https://www.instagram.com/lseagency/","https://twitter.com/LiveSportsEnter","","","true","false"
"Lora Athletes","krista@loraathletes.com","403.835.3045","https://www.loraathletes.com/","","AB","AB","","Canada","","","","https://www.instagram.com/loraathletes/","https://x.com/loraathletes","","","true","false"
"Maloney & Thompson Sports Management","dave@maloneythompson.com","+1 519-836-5450","https://www.maloneythompson.com/","55 Wyndham St N suite 214b","Guelph","ON","N1H 7T8","CA","","","","","","","","true","false"
"MAP Hockey Advisors","AJ@maphockey.net","","https://maphockey.com/map-advisors/","","Unknown","XX","","USA","","","","","","","","true","false"
"MB Hockey","contact@mbhockey.com","418-905-1761","www.mbhockey.ca","","Stoneham","QC","","Canada","","","","","","https://www.facebook.com/profile.php?id=100082820097954","","true","false"
"MC Hockey Agency","myhockeyagency@gmail.com","418-654-8437","https://mchockeyagency.com/","","QC","QC","","Canada","","","","https://www.instagram.com/mc_hockey_agency/","","https://www.facebook.com/Hockeyagency60","","true","false"
"MCN Sports Advising","mgormanmcnadvising@gmail.com","780-515-1545","http://www.mcnsportsadvising.ca/","","Spruce Grove","AB","","Canada","","","","https://www.instagram.com/mcnsportscanada/","https://twitter.com/mcnsportcanada","https://www.facebook.com/MCN-Sports-Shooting-Skill-Development-559314944250491/","","true","false"
"Meridian Hockey","jake@meridiansports.com","613-222-0117","https://meridianhockey.com/","","ON","ON","","US","","","","https://www.instagram.com/meridianhockey/","https://x.com/MeridianHockey","https://www.facebook.com/profile.php?id=61573449110310","","true","false"
"Mid-West Hockey Advisory","jake@midwesthockeyadvisory.com","","https://mid-westhockeyadvisory.com/","","Unknown","XX","","US","","","","","","","","true","false"
"Momentum Hockey","contact@momentumhockey.com","","http://momentumhockey.com/","1440 Saint-Catherine St W","Montreal","QC","H3G 1R8","CA","","","","","https://twitter.com/Momentum_Hockey","","","true","false"
"Monarch Advisory Group","themonarchadvisorygroup@gmail.com","807-407-8768","https://www.monarchadvisorygroup.ca/","","Kenora","ON","","Canada","","","","https://www.instagram.com/monarchadvisorygroup","","https://www.facebook.com/themonarchadvisorygroup/","","true","false"
"Moose Hockey Sports Management","moosehockeycanada.com","905-321-3219","https://www.facebook.com/share/5pbUKsWcgwsQRpzD/?mibextid=LQQJ4d","","ON","ON","","Canada","","","","https://www.instagram.com/moosehockeysportsmanagement?igsh=MWE2dzZtaWphcG81cQ==","","https://www.facebook.com/share/5pbUKsWcgwsQRpzD/?mibextid=LQQJ4d","","true","false"
"New Era Player Development","contact@neweraplayerdevelopment.com","","https://neplayerdevelopment.com/","","Unknown","XX","","Canada","","","","","","","","true","false"
"New Prospect Hockey","info@newprospecthockey.ca","902-233-8510","http://newprospecthockey.ca/","","Levis","QC","","Canada","","2019","","","","","","true","false"
"Nexlevel hockey","tmadsen@nexlevelhockey.com","(763) 229-4651","https://nexlevelhockey.com/","761 Cayuga St Storefront 2 & 3","Lewiston","NY","14092","US","","","","https://www.instagram.com/nexlevelhockeyadvisors/","https://twitter.com/nexlevelhockey","https://www.facebook.com/Nexlevel-Hockey-104243911170809/","","true","false"
"Next Level Hockey","nlhockey.mb@gmail.com","+1 514-476-2471","https://nextlevel-hockey.com/","7500 Rue Bombardier","Anjou","QC","H1J 3B2","CA","","","","","","","","true","false"
"Next Level Performance","nextlevelperformance@gmail.com","207-747-8145","https://nlphockey.wixsite.com/my-site","","Boston","MA","","USA","","","","https://www.instagram.com/nlp_hockey/","","","","true","false"
"Norton Sports Management","scott@nortonsports.com","312-330-0329","https://www.facebook.com/Norton-Sports-Management-123100494391888/","","Irvine","CA","","USA","","","","https://www.instagram.com/nsmhockey/","https://twitter.com/nortonsports","https://www.facebook.com/Norton-Sports-Management-123100494391888/","","true","false"
"O2K Sports Management","moates@o2kmanagement.com","(312) 829-1664","http://www.o2kmanagement.com/","272 E Deerpath Rd","Lake Forest","IL","60045","US","","","","https://www.instagram.com/o2ksports/?hl=en","https://x.com/o2ksports?lang=en","https://www.facebook.com/o2ksports/","","true","false"
"OCTANE Sports Management","contact@octanesportsmanagement.com","","http://www.octanesports.com/","","Orchard Lake","MI","","USA","","","","","https://x.com/octanesportsllc","","","true","false"
"Oliwa Hockey Advisors","koliwa@oliwahockeyadvisors.com","973-207-5410","https://oliwahockeyadvisors.com","","Philadelphia","PA","","USA","","","","https://www.instagram.com/oliwashredzone?fbclid=IwY2xjawNGLqhleHRuA2FlbQIxMABicmlkETFYcURJWXJjZUtEZ2F6b2VJAR7PclHBW3X3rDRm9t8YCWhoQGZuJvbjVoIODG9cqj4JJbhLwfKHautQiJRYmQ_aem_HgdyuIpr0h2oeIN7NSdEWw","","https://www.facebook.com/oliwahockeyadvisors","","true","false"
"Omega Hockey","contact@omegahockey.com","","https://www.omega-hockey.com/","20611 Gosford Way","Lakeville","MN","55044","USA","","2021","","","","","","true","false"
"Onlyway Sports","contact@onlywaysports.com","","https://onlyway.ca","","Unknown","XX","","US","","","","","","","","true","false"
"Optima World Sports","contact@optimaworldsports.com","(778) 379-4664","https://www.optimaworldsports.com","","Unknown","XX","","Canada","","","","https://www.instagram.com/optima_ws/","https://twitter.com/optimaws?lang=en","https://www.facebook.com/pages/category/Business-Consultant/Optima-World-Sports-401333143982728/","","true","false"
"Optimize Sport","info@optimizesport.com","819-552-0808","https://optimizesport.com/en/agency/","801 rue des Manoirs","Beloeil","QC","J3G 6R8","Canada","","","","","","","","true","false"
"Oswin Sports Group","contact@oswinsportsgroup.com","289-288-4204","https://oswinsportsgroup.com/","","ON","ON","","Canada","","","","https://www.instagram.com/oswin_sports_group/","https://x.com/ozz1977","https://www.facebook.com/OswinSportsGroup","","true","false"
"OT Sports Group","contact@otsportsgroup.com","","https://www.otsportsgroup.com/","","New York","NY","","USA","","","","","","","","true","false"
"P4 Sports Agency","contact@p4sportsagency.com","(866) 237-9003","http://www.p4sportsagency.com/","722 11 Ave SW Unit C","Calgary","AB","T2R 0E4","CA","","","","","https://twitter.com/P4_Hockey","https://www.facebook.com/pacific4sportsmanagement/","","true","false"
"Paragon Sports Consulting","info@paragonsportsconsulting.com","201-574-6231","https://paragonsportsconsulting.com/","","Unknown","XX","","USA","","2019","","https://www.instagram.com/paragonathlete/","https://twitter.com/ParagonAthlete","","","true","false"
"Paramount Advisory Group","info@paramountadvising.com","(780) 982-9215","https://paramountadvising.com","","Edmonton","AB","","Canada","","","","https://www.instagram.com/paramountadvising/","https://x.com/paramountadvise","https://www.facebook.com/paramountsportsadvisory","","true","false"
"PARAPHE Sports Management","paulcorbeil@paraphe.ca","+1 819-693-9991","http://paraphe.ca/","56 Rue Fusey","Trois-Rivières","QC","G8T 2T7","CA","","","","","","https://www.facebook.com/PARAPHE-Sports-Management-321191097985792/","","true","false"
"PCI Hockey","thane@thanecampbell.com","+1 647-241-8296","https://procounsel.ca/contact-us/","1100 Burloak Dr Suite 300","Burlington","ON","L7L 6B2","CA","","1994","https://www.linkedin.com/company/pci-hockey/","https://www.instagram.com/pcihockey/?hl=en","","","","true","false"
"Perfection Hockey Group","perfectionhockeyagency@hotmail.com","506-866-3887","https://www.perfectionhockeygroup.com/","","Moncton","NB","","Canada","","","","https://www.instagram.com/perfection_hockeygroup/","","https://www.facebook.com/perfectionhockeyschool","","true","false"
"Phenom Hockey Agency","info@phenomfha.ca","","https://www.phenomfha.ca/","","Unknown","XX","","Canada","","","","","","https://www.facebook.com/profile.php?id=100092367261902","","true","false"
"Pinnacle Hockey Management","pinnaclehockey59@gmail.com","","https://www.pinnaclehockey.net/","","ON","ON","","Canada","","","","https://www.instagram.com/_Pinnaclehockey/","https://x.com/_pinnaclehockey","","","true","false"
"Platinum Talent Agency","contact@platinumtalentagency.com","","https://www.platinumsportshockey.com/","","Unknown","XX","","US","","","","https://www.instagram.com/platinumsportshockey","","","","true","false"
"Player Rep 24/7","contact@playerrep247.com","989-402-3238","https://playerrep247.wordpress.com/","","MI","MI","","USA","","","","","","https://www.facebook.com/playerrep247/","","true","false"
"Popoff Sports Management","carter@popoffsportsmanagement.ca","(778)-835-5083","http://www.popoffsportsmanagement.ca/","","Vancouver","BC","","Canada","","","","","","","","true","false"
"Post2Post Hockey Advising","info@p2phockeyadvising.com","","https://p2phockeyadvising.com/home","","Unknown","XX","","US","","","","https://www.instagram.com/p2phockeyadvising?fbclid=IwY2xjawNGNUlleHRuA2FlbQIxMABicmlkETFZWXlmMHdpZmdZamh3RWhxAR7tHJ32V7UBGME4mHnRt69-n_RZOeDdBlZMHAqao7XTv44sfzEZE7TeziqbzA_aem_0cgwZgvwiMF0WX50SQBoEQ","","https://www.facebook.com/profile.php?id=61556398302543&mibextid=LQQJ4d","","true","false"
"Potente Sports","admin@potentesports.com","313-360-1197","https://potentesports.com/","","Detroit","MI","","USA","","","","https://www.instagram.com/potentesports/","https://www.twitter.com/mypotentesports","https://www.facebook.com/profile.php?id=100093136675221","","true","false"
"Premier Hockey Management","contact@premierhockeymanagement.com","","https://www.premierhockeymanagement.com/","","Unknown","XX","","US","","","","","","","","true","false"
"Prep Hockey Advisors","david@prephockeyadvisors.com","203-848-7112","https://www.prephockeyadvisors.com/","","CT","CT","","USA","","","","https://www.instagram.com/prephockeyadvisors","https://x.com/prephockeyadv","https://www.facebook.com/prephockeyadvisors?fref=ts#","","true","false"
"Prestige Hockey Placement","prestigeplacementhockey@gmail.com","","https://www.facebook.com/prestige.hockey.placement.2025/about","","Montreal","QC","","Canada","","","","https://www.instagram.com/prestigehockeyplacement/","","https://www.facebook.com/profile.php?id=100055778302629","","true","false"
"Pro Guidance","info@proguidancehockey.com","778-751-7446","https://proguidancehockey.com/","","Vancouver","BC","","CAN","","","https://www.linkedin.com/company/proguidance-hockey/","https://www.instagram.com/proguidancehockey/","","https://www.facebook.com/profile.php?id=61554694040855","","true","false"
"Pro Hockey Consulting","prohockeyconsulting@gmail.com","","https://www.prohockeyconsulting.com/","","Roxbury","MA","","USA","","","","","","","","true","false"
"Promotion Archie Sports Inc.","contact@promotionarchiesportsinc.com","","Not available","","Anjou","QC","","Canada","","","","","","","","true","false"
"Propulsion Sports Agency","n.riopel@propulsionagency.com","","https://propulsionagency.com/en/home/","","QC","QC","","Canada","","","","https://www.instagram.com/propulsion_hockey?fbclid=IwY2xjawNGOGBleHRuA2FlbQIxMABicmlkETFZWXlmMHdpZmdZamh3RWhxAR44tkKL9ZtnB261qwaVdpWqojWcvG5rWDPw1juXpGFPSqlgZdobLVPO1BFejg_aem_WtGlqbWwFNrPFhOeLc07sg","","https://www.facebook.com/PropulsionHockey","","true","false"
"Prospect285","contact@prospect285.com","","Not available","","Unknown","XX","","Canada","","","","","","https://www.facebook.com/prospect285/","","true","false"
"Prosper Sports Group Inc","Info@prospersportsgroup.com","","https://prospersportsgroup.com/","","Manhattan","NY","","USA","","","https://www.linkedin.com/company/prosper-sports-group-inc/","https://www.instagram.com/prospersportsgroup?fbclid=IwY2xjawNGOWFleHRuA2FlbQIxMABicmlkETFZWXlmMHdpZmdZamh3RWhxAR5UZlzZxogWCTalnoeT-IJzTdTrXY31_mVQwFaH0mTBTusdAul-HMEJYD790w_aem_6jhnytmXn-DLHIPKbW-O-w","https://x.com/PSGAdvisory","https://www.facebook.com/profile.php?id=61559898104998","","true","false"
"Puck Agency","ra@puckagency.com","914-432-0050","http://www.puckagency.com/","","Millwood","NY","","USA","","","","https://www.instagram.com/puckagency/","https://twitter.com/PuckAgency","https://www.facebook.com/puckagency.hockey","","true","false"
"Pure Hockey Management","purehockeymanagement@gmail.com","","Not available","","ON","ON","","Canada","","","","","","https://www.facebook.com/p/Pure-Hockey-Management-100039947318607/","","true","false"
"Pursuit Hockey Development","pursuithockey@gmail.com","289-783-5094","https://pursuithd.ca/","","Unknown","XX","","Canada","","","","https://www.instagram.com/pursuithockey/","","https://www.facebook.com/PursuitHockeyDevelopment/","","true","false"
"Quantum Hockey Agency","joachim@quantumhockeyagency.com","+1 306-451-8058","https://www.quantumhockeyagency.com/contact/","1510 Spadina St W","Moose Jaw","SK","S6H 7E6","CA","","","","https://www.instagram.com/quantumhockeyagency/","https://twitter.com/quantum_hockey","https://www.facebook.com/quantumhockeyagency","","true","false"
"R.W.G. Sport Management","contact@rwgsportmanagement.com","","Not available","","Unknown","XX","","Canada","","","","","https://twitter.com/rwg_sm","","","true","false"
"Recruitment Hockey","contact@recruitmenthockey.com","","Not available","","WI","WI","","USA","","","","https://www.instagram.com/recruitmenthockey/","https://twitter.com/RHFA_est2020","https://www.facebook.com/RHFAest2020/?ref=pages_you_manage","","true","false"
"Renegades Hockey LLC","renegadeshockeyllc@gmail.com","(970) 433-8043","https://www.facebook.com/RIHCLLC","1861 Mckinley St","Ferndale","WA","98248","US","","","","","","https://www.facebook.com/RIHCLLC/","","true","false"
"Rinkside Advisors","info@rinksideadvisors.com","","http://www.rinksideadvisors.com/","","Minneapolis","MN","","USA","","","","https://www.instagram.com/rinkside_advisors/#","","https://www.facebook.com/profile.php?id=61572375797999","","true","false"
"Risen Sports Management","contact@risensportsmanagement.com","(617) 695-9944","Not available","","Unknown","XX","","US","","","","","","https://www.facebook.com/Risen-Sports-Management-102760172128864/","","true","false"
"Rising Athletes Advisory","info@risingathletes.com","1 844 351 8452","https://athleteadvisoryagency.com/","","Vancouver","BC","","Canada","","","https://www.linkedin.com/in/bryan-pearse-bb748929/","","https://x.com/playeradvisory","https://www.facebook.com/bjp.risingathletes?fref=ts","","true","false"
"RRi Hockey Agency","office@rrihockeyagency.com","+1 289-228-7344","https://rrihockeyagency.com/","50 Capulet Ln","London","ON","N6H 0B1","CA","","","","https://www.instagram.com/rriglobalagency/","","https://www.facebook.com/profile.php?id=100072174692328#","","true","false"
"RSA - Rick Sports Agency","contact@rsaricksportsagency.com","(819) 449-1001","https://www.rsahockey.com/","","QC","QC","","Canada","","","","","","","","true","false"
"Rule 1 Sports","aquarters@rule1sports.com","719-651-5846","https://www.rule1sports.com/","","Colorado Springs","CO","","USA","","","","https://www.instagram.com/rule1.sports/?hl=en","","https://www.facebook.com/rule1.sports/","","true","false"
"Select Hockey Management","info@selecthockeymgmt.com","","http://selecthockeymgmt.com/","","Unknown","XX","","US","","","","","https://twitter.com/SelectHockeyMgt","https://www.facebook.com/selecthockey","","true","false"
"Shoot for Success","mashoot4success@gmail.com","519-503-9611","https://shootforsuccess.ca/","","Kitchener","ON","","Canada","","","","https://www.instagram.com/mashoot4success/","https://twitter.com/mashoot4success","https://www.facebook.com/mashoot4success","","true","false"
"Sport Prospects","dboily.sportsprospects@gmail.com","314-775-4269","https://sportprospects.ca/","","Blainville","QC","","Canada","","","","","","","","true","false"
"Steen Sports Systems","contact@steensportssystems.com","469-438-1420","https://steensports.com/","","Allen","TX","","USA","","","","https://www.instagram.com/steen_sports_systems/","","https://www.facebook.com/SteenSportsSystems/#","","true","false"
"Stop It Goaltending","john@stopitgoaltending.com","(833) 878-6748","http://www.stopitgoaltending.com/","11 Cabot Rd","Woburn","MA","1801","US","","","","","https://x.com/stopitgoalies","","","true","false"
"Stretch Pass Advising","andrew.gilgallon@stretchpassadvising.com","","https://stretchpassadvising.com/","","Novi","MI","","USA","","","https://www.linkedin.com/company/stretchpassadvising/","https://www.instagram.com/spadvising","","https://www.facebook.com/StretchPassAdvising/#","","true","false"
"Summit Sports Group","info@summitsportsgrp.com","","https://www.summitsportsgrp.com/","","Unknown","XX","","US","","","","https://www.instagram.com/summitsportsgrp/","https://x.com/SummitSportsGRP","","","true","false"
"Swan Hockey","contact@swanhockey.com","","https://swanhockey.com/","","Point Pleasant","NJ","","USA","","","","","https://twitter.com/swan_hockey","https://www.facebook.com/swanhockey","","true","false"
"Talent Hockey Agency","info@hockeytalentmanagement.com","231-330-8222","https://hockeytalentmanagement.com/","","Unknown","XX","","US","","","https://www.linkedin.com/in/joseph-kolodziej-9666617/","","","","","true","false"
"TBC Hockey Advisors","bailey@congergroup.com","208-867-1570","http://tbchockeyadvisors.com/","","Dallas","TX","","USA","","","","https://www.instagram.com/tbchockeyadvisors/","","","","true","false"
"The Famiglia","contact@thefamiglia.com","702-321-9365","https://www.hockeyproper.com/rocco-cammarata","","NV","NV","","USA","","","","https://www.instagram.com/thefamigliahockey/","","https://www.facebook.com/groups/735849411817499","","true","false"
"The Sports Corporation","info@tschockey.com","+1 780-425-6937","http://www.thesportscorporation.com/","10088 102 Ave NW #1103","Edmonton","AB","T5J 2Z1","CA","","","","","https://twitter.com/tsc_hockey","https://www.facebook.com/thesportscorporation/","","true","false"
"The Will Sports Group","contact@thewillsportsgroup.com","","https://willsportsgroup.com/","","Unknown","XX","","US","","2006","","https://www.instagram.com/willsportsgroup/","","","","true","false"
"Thunder Creek Hockey","jeff@tcwest.ca","+1 306-220-6820","http://www.thundercreekhockey.com/","230 22 St E","Saskatoon","SK","S7K 0E9","CA","","","","","https://twitter.com/tcnewsfeed","","","true","false"
"Top Draft Hockey - Ottawa","admin@topdrafthockey.com","(888) 943-6463","http://www.topdrafthockey.com/","150 Elgin St 10th Floor Suite 10","Ottawa","Ontario","K2P 2P8","CA","","","","https://www.instagram.com/topdrafthockey/","https://twitter.com/topdrafthockey","https://www.facebook.com/topdrafthockey","","true","false"
"Top Hockey Prospect","tophockeyprospect@gmail.com","774-250-2880","https://tophockeyprospect.com/home","","MA","MA","","USA","","","https://www.linkedin.com/in/top-hockey-prospect-937427183/","https://www.instagram.com/tophockeyprospect","https://x.com/Tophockeyprosp1","https://www.facebook.com/profile.php?id=100058705005507#","","true","false"
"Top Shelf Hockey Agency","jresnick@rogers.com","(204) 573-8080","https://tshockeyagency.com/","","Unknown","XX","","Canada","","","","","https://twitter.com/topshelfshelf","https://www.facebook.com/topshelfhockeyagency","","true","false"
"TOP Sports Advisors","contact@topsportsadvisors.com","(314) 783-9860","Not available","","Unknown","XX","","US","","","","","","https://www.facebook.com/topsportsadvisors","","true","false"
"Total Scouting LLC","contact@totalscoutingllc.com","","Not available","","ON","ON","","Canada","","","https://www.linkedin.com/in/brian-cronan-277a457/","","https://x.com/totalscouting?lang=ar-x-fm","","","true","false"
"Total Sports Management LLC","info@TotalSportsMgmt.com","603-785-9180","https://totalsportsmanagement.kreezee-sports.com/about-us","34 South Shore Dr.","Center Barnstead","NH","3225","USA","","","","","","","","true","false"
"Trailblazer Hockey Advisors","info@trailblazerhockeyadvisors.com","306-552-8282","http://www.trailblazerhockeyadvisors.com/","","Regina","SK","","Canada","","","","https://www.instagram.com/trailblazerhockeyadvisors/","https://twitter.com/TBHockeyAdvisor","","","true","false"
"True Advising Group","contact@trueadvisinggroup.com","(269) 321-7472","not available","","Unknown","XX","","US","","","","https://www.instagram.com/CompletePlayerHockey/","https://twitter.com/advisortrue","","","true","false"
"TSA Athletic Consulting","info@tri-stateathletic.com","","https://www.tri-stateathletic.com/","","Unknown","XX","","US","","","","https://www.instagram.com/tsa_athletic/?hl=en","https://x.com/TSAAthletic","https://www.facebook.com/TSAAthleticConsulting/","","true","false"
"Unlimited Sports Management","info@unlimitedsportsmanagement.com","954-629-6094","https://unlimitedsportsmanagement.com/","710 Northeast 15th Ave","Fort Lauderdale","FL","33304","USA","","","","https://www.instagram.com/USMHockey","https://x.com/_USMHockey","https://www.facebook.com/usm.hockey.33","","true","false"
"Vaculik Hockey","info@vaculikhockey.com","","https://vaculikhockey.com/","","Hamilton","ON","","Canada","","","","https://www.instagram.com/vaculik.hockey","","","","true","false"
"Veritas Hockey","tomlynn@veritashockey.com","(651) 260-9257","https://www.veritashockey.com/contact","420 Summit Ave","St Paul","MN","55102","US","","","","","https://twitter.com/VeritasHockey","https://www.facebook.com/VeritasHockey/","","true","false"
"VHG Management","Kevin@Valorhockeygroup.com","(732)-616-4458","https://www.vhgmanagement.com/","","Unknown","XX","","US","","","","","","","","true","false"
"Victorious Hockey Company","heislergroup@gmail.com","727-244-7116","http://victorious-hockey.com/","","Unknown","XX","","US","","","","https://www.instagram.com/victorioushockey/","https://x.com/VictoriousHC","https://www.facebook.com/victorioushockeyco","","true","false"
"Visionary Sports","zach@visionarysports.ca","","Visionary Sports","","Edmonton","AB","","Canada","","","https://www.linkedin.com/company/visionary-sports-and-development/posts/?feedView=all","https://www.instagram.com/visionary.sports/","https://x.com/VisionaryHockey","https://www.facebook.com/VisionaryHockey","","true","false"
"Wingman Hockey Group","info@wingman.group","","https://www.wingman.group/","","Winnipeg","MB","","Canada","","2018","","","https://twitter.com/wingmangrp","https://www.facebook.com/pages/category/Consulting-Agency/Wingman-Player-Consulting-144438669558696/","","true","false"
"Wolfe Hockey Development","hockey@wolfehockey.com","(443) 867-2421","http://www.wolfehockey.com/","13800 Old Gunpowder Rd #3116","Laurel","MD","20707","US","","","","","https://x.com/wolfehockey31","https://www.facebook.com/wolfehockey/","","true","false"
"Women's College Hockey Recruiting","cpentimone@womenscollegehockeyrecruiting.com","773-875-0440","https://womenscollegehockeyrecruiting.com/","","Chicago","IL","","USA","","","","https://www.instagram.com/womenscollegehockeyrecruiting/","https://twitter.com/pentimoneyz","https://www.facebook.com/womenscollegehockeyrecruiting","","true","false"
"Worldwide Sports Management Group","contact@worldwidesportsmanagementgroup.com","818-693-0827","https://www.worldwidesportsmanagementgroup.com/","9850 S Maryland Pkwy","Las Vegas","NV","89183","USA","","1995","","","","","","true","false"
"Yarema Hockey","ayarema@yaremahockey.ca","204-901-4749","https://yaremahockey.ca/","","Ormocto","NB","E2V 1B8","Canada","","","","https://www.instagram.com/yarema_hockey/","","https://www.facebook.com/yaremahockey/","","true","false"
"Zenith Hockey Management","mgardiman@hotmail.com","807-629-2054","https://www.zenithhockeymanagement.com/","","ON","ON","","Canada","","","","https://www.instagram.com/zenithhockeymanagement2021/","","https://www.facebook.com/zenithhockeymanagement#","","true","false"
"Zero Klub Hockey","zeroklub@icloud.com","","https://zkhockey.com/","","NJ","NJ","","USA","","","","","https://twitter.com/ZeroKlub","","","true","false"